model,baseline,metric,pairing_key,status,n_pairs,excluded_invalid_labels,baseline_rate_pct,mutrepair_rate_pct,difference_mutrepair_minus_baseline_pp,ci_95_lower_pp,ci_95_upper_pp,both_event,baseline_only_event,mutrepair_only_event,neither_event,discordant_pairs,exact_two_sided_p,within_model_test_family_size,holm_adjusted_p_within_model,significant_within_model_0_05,global_test_family_size,holm_adjusted_p_global,significant_global_0_05
qwen3,CoT,HRR,row_index,ok,817,0,26.193390452876375,45.165238678090574,18.9718482252142,15.789473684210526,22.15422276621787,183,31,186,417,217,3.9197531646233106e-28,9,2.3518518987739863e-27,True,36,1.097530886094527e-26,True
qwen3,CoT,RHR,row_index,ok,1826,0,36.144578313253014,25.958378970427166,-10.186199342825846,-11.938663745892661,-8.433734939759036,424,236,50,1116,286,4.6342261402658126e-30,9,3.243958298186069e-29,True,36,1.3902678420797437e-28,True
qwen3,CoT,OCR,row_index,ok,1009,0,5.649157581764123,2.576808721506442,-3.072348860257681,-4.658077304261645,-1.4866204162537164,7,50,19,933,69,0.00024439701657757496,9,0.0007331910497327249,True,36,0.0019551761326205997,True
qwen3,CoVe,HRR,row_index,ok,817,0,32.06854345165239,45.165238678090574,13.096695226438188,9.914320685434516,16.27906976744186,219,43,150,405,193,4.4011838225227065e-15,9,2.200591911261353e-14,True,36,7.922130880540871e-14,True
qwen3,CoVe,RHR,row_index,ok,1826,0,40.63526834611172,25.958378970427166,-14.676889375684555,-16.59364731653888,-12.814895947426066,427,315,47,1037,362,7.72931414505357e-50,9,6.956382730548213e-49,True,36,2.6279668093182137e-48,True
qwen3,CoVe,OCR,row_index,ok,1009,0,18.533201189296335,2.576808721506442,-15.956392467789893,-18.23587710604559,-13.676907829534194,22,165,4,818,169,8.98041886492143e-44,9,7.184335091937145e-43,True,36,2.963538225424072e-42,True
qwen3,DrHall,HRR,row_index,ok,817,0,43.696450428396574,45.165238678090574,1.468788249694003,-1.9583843329253363,4.773561811505508,263,94,106,354,200,0.436753489551329,9,0.436753489551329,False,36,0.436753489551329,False
qwen3,DrHall,RHR,row_index,ok,1826,0,28.58707557502738,25.958378970427166,-2.6286966046002167,-4.43592552026287,-0.8214676889375685,359,163,115,1189,278,0.004730989962632682,9,0.009461979925265363,True,36,0.03311692973842877,True
qwen3,DrHall,OCR,row_index,ok,1009,0,6.144697720515362,2.576808721506442,-3.5678889990089195,-5.2527254707631315,-1.9821605550049552,5,57,21,926,78,5.571116486469109e-05,9,0.00022284465945876435,True,36,0.0005014004837822198,True
